{
	"info": {
		"name": "Basic - Driver",
		"_postman_id": "a30d144d-d814-8f7f-6d64-7af371d2f608",
		"description": "",
		"schema": "https://schema.getpostman.com/json/collection/v2.1.0/collection.json"
	},
	"item": [
		{
			"name": "드라이버 생성",
			"event": [
				{
					"listen": "test",
					"script": {
						"type": "text/javascript",
						"exec": [
							"tests[\"Status code is 200\"] = responseCode.code === 200;",
							"",
							"var jsonData = JSON.parse(responseBody);",
							"",
							"postman.setEnvironmentVariable(\"driverId\", jsonData.id.id);"
						]
					}
				}
			],
			"request": {
				"method": "POST",
				"header": [
					{
						"key": "Content-Type",
						"value": "application/json"
					},
					{
						"key": "X-Authorization",
						"value": "Bearer {{token}}"
					}
				],
				"body": {
					"mode": "raw",
					"raw": "{\n  \"name\":\"SKT\",\n  \"email\": \"tremoteye@test.com\",\n  \"phone\": \"010-0000-0006\",\n  \"password\": \"abcd\"\n}"
				},
				"url": {
					"raw": "{{url}}/api/tre/v1/driver",
					"host": [
						"{{url}}"
					],
					"path": [
						"api",
						"tre",
						"v1",
						"driver"
					]
				},
				"description": ""
			},
			"response": []
		},
		{
			"name": "드라이버 삭제",
			"event": [
				{
					"listen": "test",
					"script": {
						"type": "text/javascript",
						"exec": [
							"tests[\"Status code is 200\"] = responseCode.code === 200;",
							""
						]
					}
				}
			],
			"request": {
				"method": "DELETE",
				"header": [
					{
						"key": "Content-Type",
						"value": "application/json"
					},
					{
						"key": "X-Authorization",
						"value": "Bearer {{token}}"
					}
				],
				"body": {
					"mode": "raw",
					"raw": "{\n  \"name\":\"dir1\",\n  \"authority\":\"DIRECTOR\",\n  \"email\": \"dir1@tremoteye.com\",\n  \"password\": \"1111\"\n}"
				},
				"url": {
					"raw": "{{url}}/api/tre/v1/director/8fa7b830-91d3-11e7-8598-0f265a86e047",
					"host": [
						"{{url}}"
					],
					"path": [
						"api",
						"tre",
						"v1",
						"director",
						"8fa7b830-91d3-11e7-8598-0f265a86e047"
					]
				},
				"description": ""
			},
			"response": []
		},
		{
			"name": "드라이버 수정",
			"event": [
				{
					"listen": "test",
					"script": {
						"type": "text/javascript",
						"exec": [
							"tests[\"Status code is 200\"] = responseCode.code === 200;",
							""
						]
					}
				}
			],
			"request": {
				"method": "PUT",
				"header": [
					{
						"key": "Content-Type",
						"value": "application/json"
					},
					{
						"key": "X-Authorization",
						"value": "Bearer {{token}}"
					}
				],
				"body": {
					"mode": "raw",
					"raw": "{\n  \"additionalInfo\":{\"a1\":\"b1\",\"c1\":\"d1\"}\n}"
				},
				"url": {
					"raw": "{{url}}/api/tre/v1/driver/{{driverId}}",
					"host": [
						"{{url}}"
					],
					"path": [
						"api",
						"tre",
						"v1",
						"driver",
						"{{driverId}}"
					]
				},
				"description": ""
			},
			"response": []
		},
		{
			"name": "드라이버 조회",
			"event": [
				{
					"listen": "test",
					"script": {
						"type": "text/javascript",
						"exec": [
							"tests[\"Status code is 200\"] = responseCode.code === 200;",
							""
						]
					}
				}
			],
			"request": {
				"method": "GET",
				"header": [
					{
						"key": "Content-Type",
						"value": "application/json"
					},
					{
						"key": "X-Authorization",
						"value": "Bearer {{token}}"
					}
				],
				"body": {},
				"url": {
					"raw": "{{url}}/api/tre/v1/driver/{{driverId}}",
					"host": [
						"{{url}}"
					],
					"path": [
						"api",
						"tre",
						"v1",
						"driver",
						"{{driverId}}"
					]
				},
				"description": ""
			},
			"response": []
		},
		{
			"name": "드라이버 조회 copy",
			"event": [
				{
					"listen": "test",
					"script": {
						"type": "text/javascript",
						"exec": [
							"tests[\"Status code is 200\"] = responseCode.code === 200;",
							""
						]
					}
				}
			],
			"request": {
				"method": "GET",
				"header": [
					{
						"key": "Content-Type",
						"value": "application/json"
					},
					{
						"key": "X-Authorization",
						"value": "Bearer {{token}}"
					}
				],
				"body": {},
				"url": {
					"raw": "{{url}}/api/tre/v1/driver/{{driverId}}/trip/latest",
					"host": [
						"{{url}}"
					],
					"path": [
						"api",
						"tre",
						"v1",
						"driver",
						"{{driverId}}",
						"trip",
						"latest"
					]
				},
				"description": ""
			},
			"response": []
		},
		{
			"name": "드라이버 리스트조회 (company)",
			"event": [
				{
					"listen": "test",
					"script": {
						"type": "text/javascript",
						"exec": [
							"tests[\"Status code is 200\"] = responseCode.code === 200;",
							""
						]
					}
				}
			],
			"request": {
				"method": "GET",
				"header": [
					{
						"key": "Content-Type",
						"value": "application/json"
					},
					{
						"key": "X-Authorization",
						"value": "Bearer {{token}}"
					}
				],
				"body": {},
				"url": {
					"raw": "{{url}}/api/tre/v1/drivers/?companyId={{companyId}}&limit=5",
					"host": [
						"{{url}}"
					],
					"path": [
						"api",
						"tre",
						"v1",
						"drivers",
						""
					],
					"query": [
						{
							"key": "companyId",
							"value": "{{companyId}}",
							"equals": true
						},
						{
							"key": "limit",
							"value": "5",
							"equals": true
						}
					]
				},
				"description": ""
			},
			"response": []
		},
		{
			"name": "드라이버 수 조회(회사)",
			"event": [
				{
					"listen": "test",
					"script": {
						"type": "text/javascript",
						"exec": [
							"tests[\"Status code is 200\"] = responseCode.code === 200;",
							""
						]
					}
				}
			],
			"request": {
				"method": "GET",
				"header": [
					{
						"key": "Content-Type",
						"value": "application/json"
					},
					{
						"key": "X-Authorization",
						"value": "Bearer {{token}}"
					}
				],
				"body": {},
				"url": {
					"raw": "{{url}}/api/tre/v1/drivers/cnt?companyId={{companyId}}",
					"host": [
						"{{url}}"
					],
					"path": [
						"api",
						"tre",
						"v1",
						"drivers",
						"cnt"
					],
					"query": [
						{
							"key": "companyId",
							"value": "{{companyId}}",
							"equals": true
						}
					]
				},
				"description": ""
			},
			"response": []
		},
		{
			"name": "트립 리스트 조회",
			"event": [
				{
					"listen": "test",
					"script": {
						"type": "text/javascript",
						"exec": [
							"tests[\"Status code is 200\"] = responseCode.code === 200;"
						]
					}
				}
			],
			"request": {
				"method": "GET",
				"header": [
					{
						"key": "X-Authorization",
						"value": "Bearer {{token}}"
					}
				],
				"body": {},
				"url": {
					"raw": "{{url}}/api/tre/v1/director/{{driverId}}/trips?limit=10&deviceType=OBD",
					"host": [
						"{{url}}"
					],
					"path": [
						"api",
						"tre",
						"v1",
						"director",
						"{{driverId}}",
						"trips"
					],
					"query": [
						{
							"key": "limit",
							"value": "10",
							"equals": true
						},
						{
							"key": "deviceType",
							"value": "OBD",
							"equals": true
						}
					]
				},
				"description": ""
			},
			"response": []
		},
		{
			"name": "최신 트립 조회",
			"event": [
				{
					"listen": "test",
					"script": {
						"type": "text/javascript",
						"exec": [
							"tests[\"Status code is 200\"] = responseCode.code === 200;"
						]
					}
				}
			],
			"request": {
				"method": "GET",
				"header": [
					{
						"key": "X-Authorization",
						"value": "Bearer {{token}}"
					}
				],
				"body": {},
				"url": {
					"raw": "{{url}}/api/tre/v1/director/{{driverId}}/trip/latest?deviceType=OBD",
					"host": [
						"{{url}}"
					],
					"path": [
						"api",
						"tre",
						"v1",
						"director",
						"{{driverId}}",
						"trip",
						"latest"
					],
					"query": [
						{
							"key": "deviceType",
							"value": "OBD",
							"equals": true
						}
					]
				},
				"description": ""
			},
			"response": []
		}
	]
}