{
	"info": {
		"name": "Basic - Relation",
		"_postman_id": "f7a8be3f-867a-353f-e555-d691fe267279",
		"description": "",
		"schema": "https://schema.getpostman.com/json/collection/v2.1.0/collection.json"
	},
	"item": [
		{
			"name": "CTOC 생성",
			"event": [
				{
					"listen": "test",
					"script": {
						"type": "text/javascript",
						"exec": [
							"tests[\"Status code is 200\"] = responseCode.code === 200;",
							""
						]
					}
				}
			],
			"request": {
				"method": "POST",
				"header": [
					{
						"key": "Content-Type",
						"value": "application/json"
					},
					{
						"key": "X-Authorization",
						"value": "Bearer {{token}}"
					}
				],
				"body": {
					"mode": "raw",
					"raw": "{\n  \"toCompanyId\":{\n    \"id\":\"c1b7b440-96ad-11e7-a8f5-29ccf972bd42\"\n  }\n}"
				},
				"url": {
					"raw": "{{url}}/api/tre/v1/company/{{fromCompanyId}}/relation/company",
					"host": [
						"{{url}}"
					],
					"path": [
						"api",
						"tre",
						"v1",
						"company",
						"{{fromCompanyId}}",
						"relation",
						"company"
					]
				},
				"description": ""
			},
			"response": []
		},
		{
			"name": "CTOC 삭제",
			"event": [
				{
					"listen": "test",
					"script": {
						"type": "text/javascript",
						"exec": [
							"tests[\"Status code is 200\"] = responseCode.code === 200;",
							""
						]
					}
				}
			],
			"request": {
				"method": "DELETE",
				"header": [
					{
						"key": "Content-Type",
						"value": "application/json"
					},
					{
						"key": "X-Authorization",
						"value": "Bearer {{token}}"
					}
				],
				"body": {
					"mode": "raw",
					"raw": "{\n  \"toCompanyId\":{\n    \"id\":\"22b609a0-562a-11e7-a770-3b032f060ed6\"\n  }\n}"
				},
				"url": {
					"raw": "{{url}}/api/tre/v1/company/{{fromCompanyId}}/relation/company/{{toCompanyId}}",
					"host": [
						"{{url}}"
					],
					"path": [
						"api",
						"tre",
						"v1",
						"company",
						"{{fromCompanyId}}",
						"relation",
						"company",
						"{{toCompanyId}}"
					]
				},
				"description": ""
			},
			"response": []
		},
		{
			"name": "CTOC 리스트조회  (c1)",
			"event": [
				{
					"listen": "test",
					"script": {
						"type": "text/javascript",
						"exec": [
							"tests[\"Status code is 200\"] = responseCode.code === 200;",
							""
						]
					}
				}
			],
			"request": {
				"method": "GET",
				"header": [
					{
						"key": "Content-Type",
						"value": "application/json"
					},
					{
						"key": "X-Authorization",
						"value": "Bearer {{token}}"
					}
				],
				"body": {},
				"url": {
					"raw": "http://localhost:8080/api/tre/v1/company/{{fromCompanyId}}/relation/companies?limit=3",
					"protocol": "http",
					"host": [
						"localhost"
					],
					"port": "8080",
					"path": [
						"api",
						"tre",
						"v1",
						"company",
						"{{fromCompanyId}}",
						"relation",
						"companies"
					],
					"query": [
						{
							"key": "limit",
							"value": "3",
							"equals": true
						}
					]
				},
				"description": ""
			},
			"response": []
		},
		{
			"name": "CTOV 생성",
			"event": [
				{
					"listen": "test",
					"script": {
						"type": "text/javascript",
						"exec": [
							"tests[\"Status code is 200\"] = responseCode.code === 200;",
							""
						]
					}
				}
			],
			"request": {
				"method": "POST",
				"header": [
					{
						"key": "Content-Type",
						"value": "application/json"
					},
					{
						"key": "X-Authorization",
						"value": "Bearer {{token}}"
					}
				],
				"body": {
					"mode": "raw",
					"raw": "{\n  \"vehicleId\":{\n    \"id\":\"{{delVehicleId}}\"\n  }\n}"
				},
				"url": {
					"raw": "{{url}}/api/tre/v1/company/{{toCompanyId}}/relation/vehicle",
					"host": [
						"{{url}}"
					],
					"path": [
						"api",
						"tre",
						"v1",
						"company",
						"{{toCompanyId}}",
						"relation",
						"vehicle"
					]
				},
				"description": ""
			},
			"response": []
		},
		{
			"name": "CTOV 삭제",
			"event": [
				{
					"listen": "test",
					"script": {
						"type": "text/javascript",
						"exec": [
							"tests[\"Status code is 200\"] = responseCode.code === 200;",
							""
						]
					}
				}
			],
			"request": {
				"method": "DELETE",
				"header": [
					{
						"key": "Content-Type",
						"value": "application/json"
					},
					{
						"key": "X-Authorization",
						"value": "Bearer {{token}}"
					}
				],
				"body": {
					"mode": "raw",
					"raw": ""
				},
				"url": {
					"raw": "{{url}}/api/tre/v1/company/{{toCompanyId}}/relation/vehicle/{{vehicleId}}",
					"host": [
						"{{url}}"
					],
					"path": [
						"api",
						"tre",
						"v1",
						"company",
						"{{toCompanyId}}",
						"relation",
						"vehicle",
						"{{vehicleId}}"
					]
				},
				"description": ""
			},
			"response": []
		},
		{
			"name": "CTOV 리스트조회 (위임받은 업체 기준)",
			"event": [
				{
					"listen": "test",
					"script": {
						"type": "text/javascript",
						"exec": [
							"tests[\"Status code is 200\"] = responseCode.code === 200;",
							""
						]
					}
				}
			],
			"request": {
				"method": "GET",
				"header": [
					{
						"key": "Content-Type",
						"value": "application/json"
					},
					{
						"key": "X-Authorization",
						"value": "Bearer {{token}}"
					}
				],
				"body": {},
				"url": {
					"raw": "{{url}}/api/tre/v1/company/{{toCompanyId}}/relation/vehicles?limit=10",
					"host": [
						"{{url}}"
					],
					"path": [
						"api",
						"tre",
						"v1",
						"company",
						"{{toCompanyId}}",
						"relation",
						"vehicles"
					],
					"query": [
						{
							"key": "limit",
							"value": "10",
							"equals": true
						}
					]
				},
				"description": ""
			},
			"response": []
		},
		{
			"name": "CTOV 리스트조회 (위임한 업체 기준)",
			"event": [
				{
					"listen": "test",
					"script": {
						"type": "text/javascript",
						"exec": [
							"tests[\"Status code is 200\"] = responseCode.code === 200;",
							""
						]
					}
				}
			],
			"request": {
				"method": "GET",
				"header": [
					{
						"key": "Content-Type",
						"value": "application/json"
					},
					{
						"key": "X-Authorization",
						"value": "Bearer {{token}}"
					}
				],
				"body": {},
				"url": {
					"raw": "{{url}}/api/tre/v1/company/{{fromCompanyId}}/vehicles/delegated?limit=10",
					"host": [
						"{{url}}"
					],
					"path": [
						"api",
						"tre",
						"v1",
						"company",
						"{{fromCompanyId}}",
						"vehicles",
						"delegated"
					],
					"query": [
						{
							"key": "limit",
							"value": "10",
							"equals": true
						}
					]
				},
				"description": ""
			},
			"response": []
		},
		{
			"name": "UTOV  생성 (디렉터)",
			"event": [
				{
					"listen": "test",
					"script": {
						"type": "text/javascript",
						"exec": [
							"tests[\"Status code is 200\"] = responseCode.code === 200;",
							""
						]
					}
				}
			],
			"request": {
				"method": "POST",
				"header": [
					{
						"key": "Content-Type",
						"value": "application/json"
					},
					{
						"key": "X-Authorization",
						"value": "Bearer {{token}}"
					}
				],
				"body": {
					"mode": "raw",
					"raw": "{\n  \"vehicleId\":{\n    \"id\":\"{{delVehicleId}}\"\n  }\n}"
				},
				"url": {
					"raw": "{{url}}/api/tre/v1/director/{{c2DirectorId}}/relation/vehicle",
					"host": [
						"{{url}}"
					],
					"path": [
						"api",
						"tre",
						"v1",
						"director",
						"{{c2DirectorId}}",
						"relation",
						"vehicle"
					]
				},
				"description": ""
			},
			"response": []
		},
		{
			"name": "UTOV 조회 (디렉터)",
			"event": [
				{
					"listen": "test",
					"script": {
						"type": "text/javascript",
						"exec": [
							"tests[\"Status code is 200\"] = responseCode.code === 200;",
							""
						]
					}
				}
			],
			"request": {
				"method": "GET",
				"header": [
					{
						"key": "Content-Type",
						"value": "application/json"
					},
					{
						"key": "X-Authorization",
						"value": "Bearer {{token}}"
					}
				],
				"body": {
					"mode": "raw",
					"raw": "{\n  \"vehicleId\":{\n    \"id\":\"{{vehicleId}}\"\n  }\n}"
				},
				"url": {
					"raw": "{{url}}/api/tre/v1/director/{{c2DirectorId}}/relation/vehicle/{{vehicleId}}",
					"host": [
						"{{url}}"
					],
					"path": [
						"api",
						"tre",
						"v1",
						"director",
						"{{c2DirectorId}}",
						"relation",
						"vehicle",
						"{{vehicleId}}"
					]
				},
				"description": ""
			},
			"response": []
		},
		{
			"name": "UTOV 리스트조회 (디렉터)",
			"event": [
				{
					"listen": "test",
					"script": {
						"type": "text/javascript",
						"exec": [
							"tests[\"Status code is 200\"] = responseCode.code === 200;",
							""
						]
					}
				}
			],
			"request": {
				"method": "GET",
				"header": [
					{
						"key": "Content-Type",
						"value": "application/json"
					},
					{
						"key": "X-Authorization",
						"value": "Bearer {{token}}"
					}
				],
				"body": {
					"mode": "raw",
					"raw": "{\n  \"vehicleId\":{\n    \"id\":\"{{vehicleId}}\"\n  }\n}"
				},
				"url": {
					"raw": "{{url}}/api/tre/v1/director/{{c2DirectorId}}/relation/vehicles?limit=10",
					"host": [
						"{{url}}"
					],
					"path": [
						"api",
						"tre",
						"v1",
						"director",
						"{{c2DirectorId}}",
						"relation",
						"vehicles"
					],
					"query": [
						{
							"key": "limit",
							"value": "10",
							"equals": true
						}
					]
				},
				"description": ""
			},
			"response": []
		},
		{
			"name": "UTOV 삭제 (디렉터)",
			"event": [
				{
					"listen": "test",
					"script": {
						"type": "text/javascript",
						"exec": [
							"tests[\"Status code is 200\"] = responseCode.code === 200;",
							""
						]
					}
				}
			],
			"request": {
				"method": "DELETE",
				"header": [
					{
						"key": "Content-Type",
						"value": "application/json"
					},
					{
						"key": "X-Authorization",
						"value": "Bearer {{token}}"
					}
				],
				"body": {
					"mode": "raw",
					"raw": ""
				},
				"url": {
					"raw": "{{url}}/api/tre/v1/director/{{c2DirectorId}}/relation/vehicle/{{vehicleId}}",
					"host": [
						"{{url}}"
					],
					"path": [
						"api",
						"tre",
						"v1",
						"director",
						"{{c2DirectorId}}",
						"relation",
						"vehicle",
						"{{vehicleId}}"
					]
				},
				"description": ""
			},
			"response": []
		},
		{
			"name": "UTOV 생성 (드라이버)",
			"event": [
				{
					"listen": "test",
					"script": {
						"type": "text/javascript",
						"exec": [
							"tests[\"Status code is 200\"] = responseCode.code === 200;",
							""
						]
					}
				}
			],
			"request": {
				"method": "POST",
				"header": [
					{
						"key": "Content-Type",
						"value": "application/json"
					},
					{
						"key": "X-Authorization",
						"value": "Bearer {{token}}"
					}
				],
				"body": {
					"mode": "raw",
					"raw": "{\n  \"vehicleId\":{\n    \"id\":\"{{delVehicleId}}\"\n  }\n}"
				},
				"url": {
					"raw": "{{url}}/api/tre/v1/driver/{{driverId}}/relation/vehicle",
					"host": [
						"{{url}}"
					],
					"path": [
						"api",
						"tre",
						"v1",
						"driver",
						"{{driverId}}",
						"relation",
						"vehicle"
					]
				},
				"description": ""
			},
			"response": []
		},
		{
			"name": "UTOV 조회 (드라이버)",
			"event": [
				{
					"listen": "test",
					"script": {
						"type": "text/javascript",
						"exec": [
							"tests[\"Status code is 200\"] = responseCode.code === 200;",
							""
						]
					}
				}
			],
			"request": {
				"method": "GET",
				"header": [
					{
						"key": "Content-Type",
						"value": "application/json"
					},
					{
						"key": "X-Authorization",
						"value": "Bearer {{token}}"
					}
				],
				"body": {
					"mode": "raw",
					"raw": "{\n  \"vehicleId\":{\n    \"id\":\"{{vehicleId}}\"\n  }\n}"
				},
				"url": {
					"raw": "{{url}}/api/tre/v1/driver/{{driverId}}/relation/vehicle/{{vehicleId}}",
					"host": [
						"{{url}}"
					],
					"path": [
						"api",
						"tre",
						"v1",
						"driver",
						"{{driverId}}",
						"relation",
						"vehicle",
						"{{vehicleId}}"
					]
				},
				"description": ""
			},
			"response": []
		},
		{
			"name": "UTOV 리스트조회 (드라이버)",
			"event": [
				{
					"listen": "test",
					"script": {
						"type": "text/javascript",
						"exec": [
							"tests[\"Status code is 200\"] = responseCode.code === 200;",
							""
						]
					}
				}
			],
			"request": {
				"method": "GET",
				"header": [
					{
						"key": "Content-Type",
						"value": "application/json"
					},
					{
						"key": "X-Authorization",
						"value": "Bearer {{token}}"
					}
				],
				"body": {
					"mode": "raw",
					"raw": "{\n  \"vehicleId\":{\n    \"id\":\"{{vehicleId}}\"\n  }\n}"
				},
				"url": {
					"raw": "{{url}}/api/tre/v1/driver/{{driverId}}/relation/vehicles?limit=10",
					"host": [
						"{{url}}"
					],
					"path": [
						"api",
						"tre",
						"v1",
						"driver",
						"{{driverId}}",
						"relation",
						"vehicles"
					],
					"query": [
						{
							"key": "limit",
							"value": "10",
							"equals": true
						}
					]
				},
				"description": ""
			},
			"response": []
		},
		{
			"name": "UTOV 삭제 (드라이버)",
			"event": [
				{
					"listen": "test",
					"script": {
						"type": "text/javascript",
						"exec": [
							"tests[\"Status code is 200\"] = responseCode.code === 200;",
							""
						]
					}
				}
			],
			"request": {
				"method": "DELETE",
				"header": [
					{
						"key": "Content-Type",
						"value": "application/json"
					},
					{
						"key": "X-Authorization",
						"value": "Bearer {{token}}"
					}
				],
				"body": {
					"mode": "raw",
					"raw": "{\n  \"vehicleId\":{\n    \"id\":\"{{vehicleId}}\"\n  }\n}"
				},
				"url": {
					"raw": "{{url}}/api/tre/v1/driver/{{driverId}}/relation/vehicle/{{vehicleId}}",
					"host": [
						"{{url}}"
					],
					"path": [
						"api",
						"tre",
						"v1",
						"driver",
						"{{driverId}}",
						"relation",
						"vehicle",
						"{{vehicleId}}"
					]
				},
				"description": ""
			},
			"response": []
		}
	]
}