{
	"info": {
		"name": "Basic - Trip",
		"_postman_id": "2fed9708-3830-4fdf-b530-f20cc27a92b0",
		"description": "",
		"schema": "https://schema.getpostman.com/json/collection/v2.1.0/collection.json"
	},
	"item": [
		{
			"name": "Microtrip 리스트조회 (tripId)",
			"event": [
				{
					"listen": "test",
					"script": {
						"type": "text/javascript",
						"exec": [
							"tests[\"Status code is 200\"] = responseCode.code === 200;"
						]
					}
				}
			],
			"request": {
				"method": "GET",
				"header": [
					{
						"key": "X-Authorization",
						"value": "Bearer {{token}}"
					}
				],
				"body": {},
				"url": {
					"raw": "{{url}}/api/tre/v1/trip/e453bc10-b46c-11e7-a02e-af923035d741/microtrips?limit=10",
					"host": [
						"{{url}}"
					],
					"path": [
						"api",
						"tre",
						"v1",
						"trip",
						"e453bc10-b46c-11e7-a02e-af923035d741",
						"microtrips"
					],
					"query": [
						{
							"key": "limit",
							"value": "10",
							"equals": true
						}
					]
				},
				"description": ""
			},
			"response": []
		}
	]
}