{
	"info": {
		"name": "Basic - Company",
		"_postman_id": "c77a6a00-5705-5130-0ba5-c5d399c55482",
		"description": "",
		"schema": "https://schema.getpostman.com/json/collection/v2.1.0/collection.json"
	},
	"item": [
		{
			"name": "회사 생성",
			"event": [
				{
					"listen": "test",
					"script": {
						"type": "text/javascript",
						"exec": [
							"tests[\"Status code is 200\"] = responseCode.code === 200;",
							"",
							"var jsonData = JSON.parse(responseBody);",
							"",
							"postman.setEnvironmentVariable(\"companyId\", jsonData.id.id);"
						]
					}
				}
			],
			"request": {
				"method": "POST",
				"header": [
					{
						"key": "Content-Type",
						"value": "application/json"
					},
					{
						"key": "X-Authorization",
						"value": "Bearer {{token}}"
					}
				],
				"body": {
					"mode": "raw",
					"raw": "{\n  \"name\":\"test\",\n  \"serviceType\":\"test\", \n  \"picName\":\"test\",\n  \"picEmail\":\"test@test.com\", \n  \"picPhone\":\"010-1221-2322\",\n  \"picPasswd\":\"test1234\",\n  \"picDivision\":\"사업1팀\",\n  \"sktManagerName\":\"SKT매니저\",\n  \"sktManagerEmail\":\"hb.ahn@sk.com\",\n  \"cooperationTask\":\"렌터카\",\n  \"description\":\"additional description\"\n}"
				},
				"url": {
					"raw": "{{url}}/api/tre/v1/company",
					"host": [
						"{{url}}"
					],
					"path": [
						"api",
						"tre",
						"v1",
						"company"
					]
				},
				"description": "System Admin이 호출할 경우 Master 생성,  Company Admin이 생성할 경우 Sub Company 생성"
			},
			"response": []
		},
		{
			"name": "회사정보 조회",
			"event": [
				{
					"listen": "test",
					"script": {
						"type": "text/javascript",
						"exec": [
							"tests[\"Status code is 200\"] = responseCode.code === 200;",
							""
						]
					}
				}
			],
			"request": {
				"method": "GET",
				"header": [
					{
						"key": "Content-Type",
						"value": "application/json"
					},
					{
						"key": "X-Authorization",
						"value": "Bearer {{token}}"
					}
				],
				"body": {},
				"url": {
					"raw": "{{url}}/api/tre/v1/company/{{companyId}}",
					"host": [
						"{{url}}"
					],
					"path": [
						"api",
						"tre",
						"v1",
						"company",
						"{{companyId}}"
					]
				},
				"description": ""
			},
			"response": []
		},
		{
			"name": "회사정보 수정",
			"event": [
				{
					"listen": "test",
					"script": {
						"type": "text/javascript",
						"exec": [
							"tests[\"Status code is 200\"] = responseCode.code === 200;",
							""
						]
					}
				}
			],
			"request": {
				"method": "PUT",
				"header": [
					{
						"key": "Content-Type",
						"value": "application/json"
					},
					{
						"key": "X-Authorization",
						"value": "Bearer {{token}}"
					}
				],
				"body": {
					"mode": "raw",
					"raw": "{\n  \"rpcNotifyHost\":\"localhost1\",\n  \"rpcNotifyPort\":9100,\n  \"rpcNotifyBasePath\":\"/rpc_noti\"\n}"
				},
				"url": {
					"raw": "{{url}}/api/tre/v1/company/{{companyId}}",
					"host": [
						"{{url}}"
					],
					"path": [
						"api",
						"tre",
						"v1",
						"company",
						"{{companyId}}"
					]
				},
				"description": ""
			},
			"response": []
		},
		{
			"name": "회사 삭제",
			"event": [
				{
					"listen": "test",
					"script": {
						"type": "text/javascript",
						"exec": [
							"tests[\"Status code is 200\"] = responseCode.code === 200;",
							""
						]
					}
				}
			],
			"request": {
				"method": "DELETE",
				"header": [
					{
						"key": "Content-Type",
						"value": "application/json"
					},
					{
						"key": "X-Authorization",
						"value": "Bearer {{token}}"
					}
				],
				"body": {
					"mode": "raw",
					"raw": ""
				},
				"url": {
					"raw": "{{url}}/api/tre/v1/company/{{companyId}}",
					"host": [
						"{{url}}"
					],
					"path": [
						"api",
						"tre",
						"v1",
						"company",
						"{{companyId}}"
					]
				},
				"description": ""
			},
			"response": []
		},
		{
			"name": "회사 리스트 조회 (serviceType)",
			"event": [
				{
					"listen": "test",
					"script": {
						"type": "text/javascript",
						"exec": [
							"tests[\"Status code is 200\"] = responseCode.code === 200;",
							""
						]
					}
				}
			],
			"request": {
				"method": "GET",
				"header": [
					{
						"key": "Content-Type",
						"value": "application/json"
					},
					{
						"key": "X-Authorization",
						"value": "Bearer {{token}}"
					}
				],
				"body": {},
				"url": {
					"raw": "{{url}}/api/tre/v1/companies?serviceType=testBiz10&limit=10",
					"host": [
						"{{url}}"
					],
					"path": [
						"api",
						"tre",
						"v1",
						"companies"
					],
					"query": [
						{
							"key": "serviceType",
							"value": "testBiz10",
							"equals": true
						},
						{
							"key": "limit",
							"value": "10",
							"equals": true
						}
					]
				},
				"description": ""
			},
			"response": []
		},
		{
			"name": "전체 회사 리스트 조회",
			"event": [
				{
					"listen": "test",
					"script": {
						"type": "text/javascript",
						"exec": [
							"tests[\"Status code is 200\"] = responseCode.code === 200;",
							""
						]
					}
				}
			],
			"request": {
				"method": "GET",
				"header": [
					{
						"key": "Content-Type",
						"value": "application/json"
					},
					{
						"key": "X-Authorization",
						"value": "Bearer {{token}}"
					}
				],
				"body": {},
				"url": {
					"raw": "{{url}}/api/tre/v1/companies/all?limit=20",
					"host": [
						"{{url}}"
					],
					"path": [
						"api",
						"tre",
						"v1",
						"companies",
						"all"
					],
					"query": [
						{
							"key": "limit",
							"value": "20",
							"equals": true
						}
					]
				},
				"description": ""
			},
			"response": []
		},
		{
			"name": "협력사 수 조회",
			"event": [
				{
					"listen": "test",
					"script": {
						"type": "text/javascript",
						"exec": [
							"tests[\"Status code is 200\"] = responseCode.code === 200;",
							""
						]
					}
				}
			],
			"request": {
				"method": "GET",
				"header": [
					{
						"key": "Content-Type",
						"value": "application/json"
					},
					{
						"key": "X-Authorization",
						"value": "Bearer {{token}}"
					}
				],
				"body": {},
				"url": {
					"raw": "{{url}}/api/tre/v1/companies/cnt?serviceType=testBiz",
					"host": [
						"{{url}}"
					],
					"path": [
						"api",
						"tre",
						"v1",
						"companies",
						"cnt"
					],
					"query": [
						{
							"key": "serviceType",
							"value": "testBiz",
							"equals": true
						}
					]
				},
				"description": ""
			},
			"response": []
		},
		{
			"name": "Company Admin 생성",
			"event": [
				{
					"listen": "test",
					"script": {
						"type": "text/javascript",
						"exec": [
							"tests[\"Status code is 200\"] = responseCode.code === 200;",
							""
						]
					}
				}
			],
			"request": {
				"method": "POST",
				"header": [
					{
						"key": "Content-Type",
						"value": "application/json"
					},
					{
						"key": "X-Authorization",
						"value": "Bearer {{token}}"
					}
				],
				"body": {
					"mode": "raw",
					"raw": "{\n  \"email\":\"hb.ahn@sk.com\",\n  \"password\":\"test123\",\n  \"phone\":\"010-5308-3677\",\n  \"name\":\"안홍범\"\n}"
				},
				"url": {
					"raw": "{{url}}/api/tre/v1/company/{{companyId}}/admin",
					"host": [
						"{{url}}"
					],
					"path": [
						"api",
						"tre",
						"v1",
						"company",
						"{{companyId}}",
						"admin"
					]
				},
				"description": ""
			},
			"response": []
		},
		{
			"name": "Company Admin 수정",
			"event": [
				{
					"listen": "test",
					"script": {
						"type": "text/javascript",
						"exec": [
							"tests[\"Status code is 200\"] = responseCode.code === 200;",
							""
						]
					}
				}
			],
			"request": {
				"method": "PUT",
				"header": [
					{
						"key": "Content-Type",
						"value": "application/json"
					},
					{
						"key": "X-Authorization",
						"value": "Bearer {{token}}"
					}
				],
				"body": {
					"mode": "raw",
					"raw": "{\n  \"additionalInfo\":{\"meta1\":\"aaa\",\"meta2\":22}\n}"
				},
				"url": {
					"raw": "{{url}}/api/tre/v1/company/{{companyId}}/admin/{{caId}}",
					"host": [
						"{{url}}"
					],
					"path": [
						"api",
						"tre",
						"v1",
						"company",
						"{{companyId}}",
						"admin",
						"{{caId}}"
					]
				},
				"description": ""
			},
			"response": []
		},
		{
			"name": "Company Admin 리스트 조회",
			"event": [
				{
					"listen": "test",
					"script": {
						"type": "text/javascript",
						"exec": [
							"tests[\"Status code is 200\"] = responseCode.code === 200;",
							""
						]
					}
				}
			],
			"request": {
				"method": "GET",
				"header": [
					{
						"key": "Content-Type",
						"value": "application/json"
					},
					{
						"key": "X-Authorization",
						"value": "Bearer {{token}}"
					}
				],
				"body": {
					"mode": "raw",
					"raw": "{\n  \"email\":\"aaa@aaa.com\",\n  \"password\":\"aaa\",\n  \"name\":\"aaa\"\n}"
				},
				"url": {
					"raw": "{{url}}/api/tre/v1/company/{{companyId}}/admins?limit=10",
					"host": [
						"{{url}}"
					],
					"path": [
						"api",
						"tre",
						"v1",
						"company",
						"{{companyId}}",
						"admins"
					],
					"query": [
						{
							"key": "limit",
							"value": "10",
							"equals": true
						}
					]
				},
				"description": ""
			},
			"response": []
		},
		{
			"name": "Company Admin 삭제",
			"event": [
				{
					"listen": "test",
					"script": {
						"type": "text/javascript",
						"exec": [
							"tests[\"Status code is 200\"] = responseCode.code === 200;",
							""
						]
					}
				}
			],
			"request": {
				"method": "DELETE",
				"header": [
					{
						"key": "Content-Type",
						"value": "application/json"
					},
					{
						"key": "X-Authorization",
						"value": "Bearer {{token}}"
					}
				],
				"body": {
					"mode": "raw",
					"raw": ""
				},
				"url": {
					"raw": "{{url}}/api/tre/v1/company/{{companyId}}/admin/52173b30-8e0e-11e7-a884-0f265a86e047",
					"host": [
						"{{url}}"
					],
					"path": [
						"api",
						"tre",
						"v1",
						"company",
						"{{companyId}}",
						"admin",
						"52173b30-8e0e-11e7-a884-0f265a86e047"
					]
				},
				"description": ""
			},
			"response": []
		},
		{
			"name": "소유한 차량리스트 조회",
			"event": [
				{
					"listen": "test",
					"script": {
						"type": "text/javascript",
						"exec": [
							"tests[\"Status code is 200\"] = responseCode.code === 200;"
						]
					}
				}
			],
			"request": {
				"method": "GET",
				"header": [
					{
						"key": "X-Authorization",
						"value": "Bearer {{token}}"
					}
				],
				"body": {},
				"url": {
					"raw": "{{url}}/api/tre/v1/company/{{companyId}}/vehicles?limit=10",
					"host": [
						"{{url}}"
					],
					"path": [
						"api",
						"tre",
						"v1",
						"company",
						"{{companyId}}",
						"vehicles"
					],
					"query": [
						{
							"key": "limit",
							"value": "10",
							"equals": true
						}
					]
				},
				"description": ""
			},
			"response": []
		},
		{
			"name": "위임받은 차량리스트조회",
			"event": [
				{
					"listen": "test",
					"script": {
						"type": "text/javascript",
						"exec": [
							"tests[\"Status code is 200\"] = responseCode.code === 200;"
						]
					}
				}
			],
			"request": {
				"method": "GET",
				"header": [
					{
						"key": "X-Authorization",
						"value": "Bearer {{token}}"
					}
				],
				"body": {},
				"url": {
					"raw": "{{url}}/api/tre/v1/company/{{companyId}}/relation/vehicles?limit=10",
					"host": [
						"{{url}}"
					],
					"path": [
						"api",
						"tre",
						"v1",
						"company",
						"{{companyId}}",
						"relation",
						"vehicles"
					],
					"query": [
						{
							"key": "limit",
							"value": "10",
							"equals": true
						}
					]
				},
				"description": ""
			},
			"response": []
		},
		{
			"name": "위임한 차량리스트 조회",
			"event": [
				{
					"listen": "test",
					"script": {
						"type": "text/javascript",
						"exec": [
							"tests[\"Status code is 200\"] = responseCode.code === 200;",
							""
						]
					}
				}
			],
			"request": {
				"method": "GET",
				"header": [
					{
						"key": "Content-Type",
						"value": "application/json"
					},
					{
						"key": "X-Authorization",
						"value": "Bearer {{token}}"
					}
				],
				"body": {},
				"url": {
					"raw": "{{url}}/api/tre/v1/company/{{companyId}}/vehicles/delegated?limit=10",
					"host": [
						"{{url}}"
					],
					"path": [
						"api",
						"tre",
						"v1",
						"company",
						"{{companyId}}",
						"vehicles",
						"delegated"
					],
					"query": [
						{
							"key": "limit",
							"value": "10",
							"equals": true
						}
					]
				},
				"description": ""
			},
			"response": []
		},
		{
			"name": "내 회사정보 조회",
			"event": [
				{
					"listen": "test",
					"script": {
						"type": "text/javascript",
						"exec": [
							"tests[\"Status code is 200\"] = responseCode.code === 200;",
							"",
							"",
							"var jsonData = JSON.parse(responseBody);",
							"",
							"postman.setEnvironmentVariable(\"companyId\", jsonData.id.id);"
						]
					}
				}
			],
			"request": {
				"method": "GET",
				"header": [
					{
						"key": "Content-Type",
						"value": "application/json"
					},
					{
						"key": "X-Authorization",
						"value": "Bearer {{token}}"
					}
				],
				"body": {},
				"url": {
					"raw": "{{url}}/api/tre/v1/company/me",
					"host": [
						"{{url}}"
					],
					"path": [
						"api",
						"tre",
						"v1",
						"company",
						"me"
					]
				},
				"description": ""
			},
			"response": []
		}
	]
}