{
	"info": {
		"name": "Basic - Director",
		"_postman_id": "7f9c9846-75f7-59fd-d1d8-ff9b5fb17800",
		"description": "",
		"schema": "https://schema.getpostman.com/json/collection/v2.1.0/collection.json"
	},
	"item": [
		{
			"name": "디렉터 생성",
			"event": [
				{
					"listen": "test",
					"script": {
						"type": "text/javascript",
						"exec": [
							"tests[\"Status code is 200\"] = responseCode.code === 200;",
							"",
							"var jsonData = JSON.parse(responseBody);",
							"",
							"postman.setEnvironmentVariable(\"directorId\", jsonData.id.id);",
							""
						]
					}
				}
			],
			"request": {
				"method": "POST",
				"header": [
					{
						"key": "Content-Type",
						"value": "application/json"
					},
					{
						"key": "X-Authorization",
						"value": "Bearer {{token}}"
					}
				],
				"body": {
					"mode": "raw",
					"raw": "{\n  \"name\":\"안홍범4\",\n  \"email\": \"hb.ahn10@sk.com\",\n  \"phone\": \"010-0000-0003\",\n  \"password\": \"test123\"\n}"
				},
				"url": {
					"raw": "{{url}}/api/tre/v1/director",
					"host": [
						"{{url}}"
					],
					"path": [
						"api",
						"tre",
						"v1",
						"director"
					]
				},
				"description": ""
			},
			"response": []
		},
		{
			"name": "디렉터 삭제",
			"event": [
				{
					"listen": "test",
					"script": {
						"type": "text/javascript",
						"exec": [
							"tests[\"Status code is 200\"] = responseCode.code === 200;",
							""
						]
					}
				}
			],
			"request": {
				"method": "DELETE",
				"header": [
					{
						"key": "Content-Type",
						"value": "application/json"
					},
					{
						"key": "X-Authorization",
						"value": "Bearer {{token}}"
					}
				],
				"body": {
					"mode": "raw",
					"raw": ""
				},
				"url": {
					"raw": "{{url}}/api/tre/v1/director/{{directorId}}",
					"host": [
						"{{url}}"
					],
					"path": [
						"api",
						"tre",
						"v1",
						"director",
						"{{directorId}}"
					]
				},
				"description": ""
			},
			"response": []
		},
		{
			"name": "디렉터 조회",
			"event": [
				{
					"listen": "test",
					"script": {
						"type": "text/javascript",
						"exec": [
							"tests[\"Status code is 200\"] = responseCode.code === 200;",
							""
						]
					}
				}
			],
			"request": {
				"method": "GET",
				"header": [
					{
						"key": "Content-Type",
						"value": "application/json"
					},
					{
						"key": "X-Authorization",
						"value": "Bearer {{token}}"
					}
				],
				"body": {},
				"url": {
					"raw": "{{url}}/api/tre/v1/director/{{directorId}}",
					"host": [
						"{{url}}"
					],
					"path": [
						"api",
						"tre",
						"v1",
						"director",
						"{{directorId}}"
					]
				},
				"description": ""
			},
			"response": []
		},
		{
			"name": "디렉터 수정",
			"event": [
				{
					"listen": "test",
					"script": {
						"type": "text/javascript",
						"exec": [
							"tests[\"Status code is 200\"] = responseCode.code === 200;",
							""
						]
					}
				}
			],
			"request": {
				"method": "PUT",
				"header": [
					{
						"key": "Content-Type",
						"value": "application/json"
					},
					{
						"key": "X-Authorization",
						"value": "Bearer {{token}}"
					}
				],
				"body": {
					"mode": "raw",
					"raw": "{\n  \"additionalInfo\": \"test information\"\n}"
				},
				"url": {
					"raw": "{{url}}/api/tre/v1/director/{{directorId}}",
					"host": [
						"{{url}}"
					],
					"path": [
						"api",
						"tre",
						"v1",
						"director",
						"{{directorId}}"
					]
				},
				"description": ""
			},
			"response": []
		},
		{
			"name": "디렉터 리스트조회 (Company)",
			"event": [
				{
					"listen": "test",
					"script": {
						"type": "text/javascript",
						"exec": [
							"tests[\"Status code is 200\"] = responseCode.code === 200;",
							""
						]
					}
				}
			],
			"request": {
				"method": "GET",
				"header": [
					{
						"key": "Content-Type",
						"value": "application/json"
					},
					{
						"key": "X-Authorization",
						"value": "Bearer {{token}}"
					}
				],
				"body": {},
				"url": {
					"raw": "{{url}}/api/tre/v1/directors/?companyId={{companyId}}&limit=5",
					"host": [
						"{{url}}"
					],
					"path": [
						"api",
						"tre",
						"v1",
						"directors",
						""
					],
					"query": [
						{
							"key": "companyId",
							"value": "{{companyId}}",
							"equals": true
						},
						{
							"key": "limit",
							"value": "5",
							"equals": true
						}
					]
				},
				"description": ""
			},
			"response": []
		},
		{
			"name": "소유한 차량리스트 조회",
			"event": [
				{
					"listen": "test",
					"script": {
						"type": "text/javascript",
						"exec": [
							"tests[\"Status code is 200\"] = responseCode.code === 200;"
						]
					}
				}
			],
			"request": {
				"method": "GET",
				"header": [
					{
						"key": "X-Authorization",
						"value": "Bearer {{token}}"
					}
				],
				"body": {},
				"url": {
					"raw": "{{url}}/api/tre/v1/director/{{directorId}}/vehicles?limit=10",
					"host": [
						"{{url}}"
					],
					"path": [
						"api",
						"tre",
						"v1",
						"director",
						"{{directorId}}",
						"vehicles"
					],
					"query": [
						{
							"key": "limit",
							"value": "10",
							"equals": true
						}
					]
				},
				"description": ""
			},
			"response": []
		},
		{
			"name": "디렉터 수 조회(회사)",
			"event": [
				{
					"listen": "test",
					"script": {
						"type": "text/javascript",
						"exec": [
							"tests[\"Status code is 200\"] = responseCode.code === 200;",
							""
						]
					}
				}
			],
			"request": {
				"method": "GET",
				"header": [
					{
						"key": "Content-Type",
						"value": "application/json"
					},
					{
						"key": "X-Authorization",
						"value": "Bearer {{token}}"
					}
				],
				"body": {},
				"url": {
					"raw": "{{url}}/api/tre/v1/directors/cnt/?companyId={{companyId}}",
					"host": [
						"{{url}}"
					],
					"path": [
						"api",
						"tre",
						"v1",
						"directors",
						"cnt",
						""
					],
					"query": [
						{
							"key": "companyId",
							"value": "{{companyId}}",
							"equals": true
						}
					]
				},
				"description": ""
			},
			"response": []
		},
		{
			"name": "최신 트립 조회",
			"event": [
				{
					"listen": "test",
					"script": {
						"type": "text/javascript",
						"exec": [
							"tests[\"Status code is 200\"] = responseCode.code === 200;"
						]
					}
				}
			],
			"request": {
				"method": "GET",
				"header": [
					{
						"key": "X-Authorization",
						"value": "Bearer {{token}}"
					}
				],
				"body": {},
				"url": {
					"raw": "{{url}}/api/tre/v1/director/{{directorId}}/trip/latest?deviceType=OBD",
					"host": [
						"{{url}}"
					],
					"path": [
						"api",
						"tre",
						"v1",
						"director",
						"{{directorId}}",
						"trip",
						"latest"
					],
					"query": [
						{
							"key": "deviceType",
							"value": "OBD",
							"equals": true
						}
					]
				},
				"description": ""
			},
			"response": []
		},
		{
			"name": "트립 리스트 조회",
			"event": [
				{
					"listen": "test",
					"script": {
						"type": "text/javascript",
						"exec": [
							"tests[\"Status code is 200\"] = responseCode.code === 200;"
						]
					}
				}
			],
			"request": {
				"method": "GET",
				"header": [
					{
						"key": "X-Authorization",
						"value": "Bearer {{token}}"
					}
				],
				"body": {},
				"url": {
					"raw": "{{url}}/api/tre/v1/director/{{directorId}}/trips?limit=10&deviceType=OBD",
					"host": [
						"{{url}}"
					],
					"path": [
						"api",
						"tre",
						"v1",
						"director",
						"{{directorId}}",
						"trips"
					],
					"query": [
						{
							"key": "limit",
							"value": "10",
							"equals": true
						},
						{
							"key": "deviceType",
							"value": "OBD",
							"equals": true
						}
					]
				},
				"description": ""
			},
			"response": []
		}
	]
}