{
	"info": {
		"name": "Basic - Sensor",
		"_postman_id": "44e526a0-7392-453f-9d05-cbdf2a9c6dc4",
		"description": "TRemotEye Project 개발시 테스트  ",
		"schema": "https://schema.getpostman.com/json/collection/v2.1.0/collection.json"
	},
	"item": [
		{
			"name": "센서 생성",
			"event": [
				{
					"listen": "test",
					"script": {
						"type": "text/javascript",
						"exec": [
							"tests[\"Status code is 200\"] = responseCode.code === 200;",
							"",
							"",
							"var jsonData = JSON.parse(responseBody);",
							"",
							"postman.setEnvironmentVariable(\"sensorId\", jsonData.id.id);"
						]
					}
				}
			],
			"request": {
				"method": "POST",
				"header": [
					{
						"key": "Content-Type",
						"value": "application/json"
					},
					{
						"key": "X-Authorization",
						"value": "Bearer {{token}}"
					}
				],
				"body": {
					"mode": "raw",
					"raw": "{\n  \"vendor\": \"sktelecom\",\n  \"type\": \"OBD2\",\n  \"credentialsId\":\"A1234567891234567891\",\n  \"activationRequired\": false,\n  \"serialNo\":\"43502310232312312\"\n}"
				},
				"url": {
					"raw": "{{url}}/api/tre/v1/sensor",
					"host": [
						"{{url}}"
					],
					"path": [
						"api",
						"tre",
						"v1",
						"sensor"
					]
				},
				"description": ""
			},
			"response": []
		},
		{
			"name": "센서 조회",
			"request": {
				"method": "GET",
				"header": [
					{
						"key": "Content-Type",
						"value": "application/json"
					},
					{
						"key": "X-Authorization",
						"value": "Bearer {{token}}"
					}
				],
				"body": {},
				"url": {
					"raw": "{{url}}/api/tre/v1/sensor/{{sensorId}}",
					"host": [
						"{{url}}"
					],
					"path": [
						"api",
						"tre",
						"v1",
						"sensor",
						"{{sensorId}}"
					]
				},
				"description": ""
			},
			"response": []
		},
		{
			"name": "센서 수정",
			"request": {
				"method": "PUT",
				"header": [
					{
						"key": "Content-Type",
						"value": "application/json"
					},
					{
						"key": "X-Authorization",
						"value": "Bearer {{token}}"
					}
				],
				"body": {
					"mode": "raw",
					"raw": "{\n  \"additionalInfo\": {\n    \"aaa\" : \"12312312423a\",\n    \"bbb\" : 123123123,\n    \"ccc\" : \"ddrerererer\"\n  }\n}\n"
				},
				"url": {
					"raw": "{{url}}/api/tre/v1/sensor/{{sensorId}}",
					"host": [
						"{{url}}"
					],
					"path": [
						"api",
						"tre",
						"v1",
						"sensor",
						"{{sensorId}}"
					]
				},
				"description": ""
			},
			"response": []
		},
		{
			"name": "센서 삭제",
			"request": {
				"method": "DELETE",
				"header": [
					{
						"key": "Content-Type",
						"value": "application/json"
					},
					{
						"key": "X-Authorization",
						"value": "Bearer {{token}}"
					}
				],
				"body": {},
				"url": {
					"raw": "http://localhost:8080/api/tre/v1/sensor/{{sensorId}}",
					"protocol": "http",
					"host": [
						"localhost"
					],
					"port": "8080",
					"path": [
						"api",
						"tre",
						"v1",
						"sensor",
						"{{sensorId}}"
					]
				},
				"description": ""
			},
			"response": []
		},
		{
			"name": "SerialNo로 센서 조회",
			"request": {
				"method": "GET",
				"header": [
					{
						"key": "Content-Type",
						"value": "application/json"
					},
					{
						"key": "X-Authorization",
						"value": "Bearer {{token}}"
					}
				],
				"body": {},
				"url": {
					"raw": "{{url}}/api/tre/v1/sensor?serialNo=11112222333344445555",
					"host": [
						"{{url}}"
					],
					"path": [
						"api",
						"tre",
						"v1",
						"sensor"
					],
					"query": [
						{
							"key": "serialNo",
							"value": "11112222333344445555",
							"equals": true
						}
					]
				},
				"description": ""
			},
			"response": []
		},
		{
			"name": "최신 값 조회",
			"request": {
				"method": "GET",
				"header": [
					{
						"key": "Content-Type",
						"value": "application/json"
					},
					{
						"key": "X-Authorization",
						"value": "Bearer {{token}}"
					}
				],
				"body": {},
				"url": {
					"raw": "{{url}}/api/tre/v1/sensor/{{sensorId}}/values",
					"host": [
						"{{url}}"
					],
					"path": [
						"api",
						"tre",
						"v1",
						"sensor",
						"{{sensorId}}",
						"values"
					]
				},
				"description": ""
			},
			"response": []
		},
		{
			"name": "Telemetry 키 조회",
			"request": {
				"method": "GET",
				"header": [
					{
						"key": "Content-Type",
						"value": "application/json"
					},
					{
						"key": "X-Authorization",
						"value": "Bearer {{token}}"
					}
				],
				"body": {},
				"url": {
					"raw": "{{url}}/api/tre/v1/sensor/{{sensorId}}/ts/keys",
					"host": [
						"{{url}}"
					],
					"path": [
						"api",
						"tre",
						"v1",
						"sensor",
						"{{sensorId}}",
						"ts",
						"keys"
					]
				},
				"description": ""
			},
			"response": []
		},
		{
			"name": "Telemetry  값 조회",
			"request": {
				"method": "GET",
				"header": [
					{
						"key": "Content-Type",
						"value": "application/json"
					},
					{
						"key": "X-Authorization",
						"value": "Bearer {{token}}"
					}
				],
				"body": {},
				"url": {
					"raw": "{{url}}/api/tre/v1/sensor/{{sensorId}}/ts/values?keys=aaa&startTs=1401917847327&endTs=1603917847327",
					"host": [
						"{{url}}"
					],
					"path": [
						"api",
						"tre",
						"v1",
						"sensor",
						"{{sensorId}}",
						"ts",
						"values"
					],
					"query": [
						{
							"key": "keys",
							"value": "aaa",
							"equals": true
						},
						{
							"key": "startTs",
							"value": "1401917847327",
							"equals": true
						},
						{
							"key": "endTs",
							"value": "1603917847327",
							"equals": true
						}
					]
				},
				"description": ""
			},
			"response": []
		},
		{
			"name": "차량에 할당",
			"event": [
				{
					"listen": "test",
					"script": {
						"type": "text/javascript",
						"exec": [
							"tests[\"Status code is 200\"] = responseCode.code === 200;",
							"",
							"",
							"var jsonData = JSON.parse(responseBody);",
							"",
							""
						]
					}
				}
			],
			"request": {
				"method": "POST",
				"header": [
					{
						"key": "Content-Type",
						"value": "application/json"
					},
					{
						"key": "X-Authorization",
						"value": "Bearer {{token}}"
					}
				],
				"body": {
					"mode": "raw",
					"raw": ""
				},
				"url": {
					"raw": "{{url}}/api/tre/v1/sensor/{{sensorId}}/vehicle/{{vehicleId}}",
					"host": [
						"{{url}}"
					],
					"path": [
						"api",
						"tre",
						"v1",
						"sensor",
						"{{sensorId}}",
						"vehicle",
						"{{vehicleId}}"
					]
				},
				"description": ""
			},
			"response": []
		},
		{
			"name": "차량에 할당 해제",
			"event": [
				{
					"listen": "test",
					"script": {
						"type": "text/javascript",
						"exec": [
							"tests[\"Status code is 200\"] = responseCode.code === 200;",
							"",
							"",
							"var jsonData = JSON.parse(responseBody);",
							"",
							""
						]
					}
				}
			],
			"request": {
				"method": "DELETE",
				"header": [
					{
						"key": "Content-Type",
						"value": "application/json"
					},
					{
						"key": "X-Authorization",
						"value": "Bearer {{token}}"
					}
				],
				"body": {
					"mode": "raw",
					"raw": ""
				},
				"url": {
					"raw": "{{url}}/api/tre/v1/sensor/{{sensorId}}/vehicle/{{vehicleId}}",
					"host": [
						"{{url}}"
					],
					"path": [
						"api",
						"tre",
						"v1",
						"sensor",
						"{{sensorId}}",
						"vehicle",
						"{{vehicleId}}"
					]
				},
				"description": ""
			},
			"response": []
		},
		{
			"name": "센서 리스트조회 (vehicleId)",
			"request": {
				"method": "GET",
				"header": [
					{
						"key": "Content-Type",
						"value": "application/json"
					},
					{
						"key": "X-Authorization",
						"value": "Bearer {{token}}"
					}
				],
				"body": {},
				"url": {
					"raw": "{{url}}/api/tre/v1/sensors?limit=10&vehicleId={{vehicleId}}",
					"host": [
						"{{url}}"
					],
					"path": [
						"api",
						"tre",
						"v1",
						"sensors"
					],
					"query": [
						{
							"key": "limit",
							"value": "10",
							"equals": true
						},
						{
							"key": "vehicleId",
							"value": "{{vehicleId}}",
							"equals": true
						}
					]
				},
				"description": ""
			},
			"response": []
		},
		{
			"name": "센서 리스트조회 (directorId)",
			"request": {
				"method": "GET",
				"header": [
					{
						"key": "Content-Type",
						"value": "application/json"
					},
					{
						"key": "X-Authorization",
						"value": "Bearer {{token}}"
					}
				],
				"body": {},
				"url": {
					"raw": "{{url}}/api/tre/v1/sensors?directorId={{directorId}}&limit=10",
					"host": [
						"{{url}}"
					],
					"path": [
						"api",
						"tre",
						"v1",
						"sensors"
					],
					"query": [
						{
							"key": "directorId",
							"value": "{{directorId}}",
							"equals": true
						},
						{
							"key": "limit",
							"value": "10",
							"equals": true
						}
					]
				},
				"description": ""
			},
			"response": []
		},
		{
			"name": "센서 리스트조회 (companyId)",
			"request": {
				"method": "GET",
				"header": [
					{
						"key": "Content-Type",
						"value": "application/json"
					},
					{
						"key": "X-Authorization",
						"value": "Bearer {{token}}"
					}
				],
				"body": {},
				"url": {
					"raw": "{{url}}/api/tre/v1/sensors?companyId={{companyId}}&limit=10",
					"host": [
						"{{url}}"
					],
					"path": [
						"api",
						"tre",
						"v1",
						"sensors"
					],
					"query": [
						{
							"key": "companyId",
							"value": "{{companyId}}",
							"equals": true
						},
						{
							"key": "limit",
							"value": "10",
							"equals": true
						}
					]
				},
				"description": ""
			},
			"response": []
		},
		{
			"name": "센서 리스트조회 (vendor, type, companyId)",
			"request": {
				"method": "GET",
				"header": [
					{
						"key": "Content-Type",
						"value": "application/json"
					},
					{
						"key": "X-Authorization",
						"value": "Bearer {{token}}"
					}
				],
				"body": {},
				"url": {
					"raw": "{{url}}/api/tre/v1/sensors/vendor?vendor=bbb&type=ccc&companyId={{companyId}}",
					"host": [
						"{{url}}"
					],
					"path": [
						"api",
						"tre",
						"v1",
						"sensors",
						"vendor"
					],
					"query": [
						{
							"key": "vendor",
							"value": "bbb",
							"equals": true
						},
						{
							"key": "type",
							"value": "ccc",
							"equals": true
						},
						{
							"key": "companyId",
							"value": "{{companyId}}",
							"equals": true
						}
					]
				},
				"description": ""
			},
			"response": []
		},
		{
			"name": "차량에 할당되지 않은 센서 수 조회",
			"request": {
				"method": "GET",
				"header": [
					{
						"key": "Content-Type",
						"value": "application/json"
					},
					{
						"key": "X-Authorization",
						"value": "Bearer {{token}}"
					}
				],
				"body": {},
				"url": {
					"raw": "{{url}}/api/tre/v1/sensors/detached/cnt",
					"host": [
						"{{url}}"
					],
					"path": [
						"api",
						"tre",
						"v1",
						"sensors",
						"detached",
						"cnt"
					]
				},
				"description": ""
			},
			"response": []
		},
		{
			"name": "차량에 할당되지 않은 센서 리스트조회",
			"request": {
				"method": "GET",
				"header": [
					{
						"key": "Content-Type",
						"value": "application/json"
					},
					{
						"key": "X-Authorization",
						"value": "Bearer {{token}}"
					}
				],
				"body": {},
				"url": {
					"raw": "{{url}}/api/tre/v1/sensors/detached?limit=10",
					"host": [
						"{{url}}"
					],
					"path": [
						"api",
						"tre",
						"v1",
						"sensors",
						"detached"
					],
					"query": [
						{
							"key": "limit",
							"value": "10",
							"equals": true
						}
					]
				},
				"description": "소유한 센서들에 대해서만 조회"
			},
			"response": []
		},
		{
			"name": "전체 센서수 조회 (by service_type)",
			"request": {
				"method": "GET",
				"header": [
					{
						"key": "Content-Type",
						"value": "application/json"
					},
					{
						"key": "X-Authorization",
						"value": "Bearer {{token}}"
					}
				],
				"body": {},
				"url": {
					"raw": "{{url}}/api/tre/v1/sensors/cnt?serviceType=testBiz",
					"host": [
						"{{url}}"
					],
					"path": [
						"api",
						"tre",
						"v1",
						"sensors",
						"cnt"
					],
					"query": [
						{
							"key": "serviceType",
							"value": "testBiz",
							"equals": true
						}
					]
				},
				"description": ""
			},
			"response": []
		},
		{
			"name": "소유 센서 수 조회",
			"request": {
				"method": "GET",
				"header": [
					{
						"key": "Content-Type",
						"value": "application/json"
					},
					{
						"key": "X-Authorization",
						"value": "Bearer {{token}}"
					}
				],
				"body": {},
				"url": {
					"raw": "{{url}}/api/tre/v1/sensors/owned/cnt",
					"host": [
						"{{url}}"
					],
					"path": [
						"api",
						"tre",
						"v1",
						"sensors",
						"owned",
						"cnt"
					]
				},
				"description": "소유한 센서들에 대해서만 조회"
			},
			"response": []
		},
		{
			"name": "RPC 전송",
			"event": [
				{
					"listen": "test",
					"script": {
						"type": "text/javascript",
						"exec": [
							"tests[\"Status code is 200\"] = responseCode.code === 200;",
							"",
							"",
							""
						]
					}
				}
			],
			"request": {
				"method": "POST",
				"header": [
					{
						"key": "Content-Type",
						"value": "application/json"
					},
					{
						"key": "X-Authorization",
						"value": "Bearer {{token}}"
					}
				],
				"body": {
					"mode": "raw",
					"raw": "{\n  \"method\": \"d\",\n  \"params\": {\n    \"pin\": \"23\",\n    \"value\": 1\n  }\n}"
				},
				"url": {
					"raw": "{{url}}/api/plugins/rpc/twoway/{{sensorId}}",
					"host": [
						"{{url}}"
					],
					"path": [
						"api",
						"plugins",
						"rpc",
						"twoway",
						"{{sensorId}}"
					]
				},
				"description": ""
			},
			"response": []
		},
		{
			"name": "RPC 결과 조회",
			"request": {
				"method": "GET",
				"header": [
					{
						"key": "Content-Type",
						"value": "application/json"
					},
					{
						"key": "X-Authorization",
						"value": "Bearer {{token}}"
					}
				],
				"body": {},
				"url": {
					"raw": "{{url}}/api/tre/v1/sensor/{{sensorId}}/rpc/result/261fd5b0-8647-11e7-914e-73004c439167",
					"host": [
						"{{url}}"
					],
					"path": [
						"api",
						"tre",
						"v1",
						"sensor",
						"{{sensorId}}",
						"rpc",
						"result",
						"261fd5b0-8647-11e7-914e-73004c439167"
					]
				},
				"description": ""
			},
			"response": []
		},
		{
			"name": "최신 RPC 결과 조회",
			"request": {
				"method": "GET",
				"header": [
					{
						"key": "Content-Type",
						"value": "application/json"
					},
					{
						"key": "X-Authorization",
						"value": "Bearer {{token}}"
					}
				],
				"body": {},
				"url": {
					"raw": "{{url}}/api/tre/v1/sensor/{{sensorId}}/rpc/result/latest",
					"host": [
						"{{url}}"
					],
					"path": [
						"api",
						"tre",
						"v1",
						"sensor",
						"{{sensorId}}",
						"rpc",
						"result",
						"latest"
					]
				},
				"description": ""
			},
			"response": []
		},
		{
			"name": "RPC 결과리스트 조회",
			"request": {
				"method": "GET",
				"header": [
					{
						"key": "Content-Type",
						"value": "application/json"
					},
					{
						"key": "X-Authorization",
						"value": "Bearer {{token}}"
					}
				],
				"body": {},
				"url": {
					"raw": "{{url}}/api/tre/v1/sensor/{{sensorId}}/rpc/results?limit=10",
					"host": [
						"{{url}}"
					],
					"path": [
						"api",
						"tre",
						"v1",
						"sensor",
						"{{sensorId}}",
						"rpc",
						"results"
					],
					"query": [
						{
							"key": "limit",
							"value": "10",
							"equals": true
						}
					]
				},
				"description": ""
			},
			"response": []
		},
		{
			"name": "RPC Notify Server  호출",
			"request": {
				"method": "POST",
				"header": [
					{
						"key": "Content-Type",
						"value": "application/json"
					}
				],
				"body": {
					"mode": "raw",
					"raw": "{\n  \"key1\":\"value1\",\n  \"key2\":\"value2\"\n}"
				},
				"url": {
					"raw": "http://localhost:9000/rpc_noti",
					"protocol": "http",
					"host": [
						"localhost"
					],
					"port": "9000",
					"path": [
						"rpc_noti"
					]
				},
				"description": ""
			},
			"response": []
		}
	]
}