{
	"info": {
		"name": "Basic - Vehicle",
		"_postman_id": "74df5f02-a99d-47af-8195-a323f2ebd6aa",
		"description": "",
		"schema": "https://schema.getpostman.com/json/collection/v2.1.0/collection.json"
	},
	"item": [
		{
			"name": "차량 생성",
			"event": [
				{
					"listen": "test",
					"script": {
						"type": "text/javascript",
						"exec": [
							"tests[\"Status code is 200\"] = responseCode.code === 200;",
							"",
							"",
							"var jsonData = JSON.parse(responseBody);",
							"",
							"postman.setEnvironmentVariable(\"vehicleId\", jsonData.id.id);"
						]
					}
				}
			],
			"request": {
				"method": "POST",
				"header": [
					{
						"key": "Content-Type",
						"value": "application/json"
					},
					{
						"key": "X-Authorization",
						"value": "Bearer {{token}}"
					}
				],
				"body": {
					"mode": "raw",
					"raw": "{\n  \"vehicleNo\": \"22가3923\",\n  \"modelName\": \"그랜져\",\n  \"modelCode\": \"HG001\",\n  \"vendor\": \"현대\",\n  \"modelYear\" : \"2017\",\n  \"missionType\" : \"AUTO\",\n  \"fuelType\" : \"DIESEL\",\n  \"mileage\" : 11100,\n  \"category\" : \"ETC\"\n}"
				},
				"url": {
					"raw": "{{url}}/api/tre/v1/vehicle",
					"host": [
						"{{url}}"
					],
					"path": [
						"api",
						"tre",
						"v1",
						"vehicle"
					]
				},
				"description": ""
			},
			"response": []
		},
		{
			"name": "차량 조회",
			"request": {
				"method": "GET",
				"header": [
					{
						"key": "Content-Type",
						"value": "application/json"
					},
					{
						"key": "X-Authorization",
						"value": "Bearer {{token}}"
					}
				],
				"body": {},
				"url": {
					"raw": "{{url}}/api/tre/v1/vehicle/{{vehicleId}}",
					"host": [
						"{{url}}"
					],
					"path": [
						"api",
						"tre",
						"v1",
						"vehicle",
						"{{vehicleId}}"
					]
				},
				"description": ""
			},
			"response": []
		},
		{
			"name": "위임 받은 차량 조회",
			"request": {
				"method": "GET",
				"header": [
					{
						"key": "Content-Type",
						"value": "application/json"
					},
					{
						"key": "X-Authorization",
						"value": "Bearer {{token}}"
					}
				],
				"body": {},
				"url": {
					"raw": "{{url}}/api/tre/v1/vehicle/5fb13ff0-9491-11e7-a46e-0f265a86e047",
					"host": [
						"{{url}}"
					],
					"path": [
						"api",
						"tre",
						"v1",
						"vehicle",
						"5fb13ff0-9491-11e7-a46e-0f265a86e047"
					]
				},
				"description": ""
			},
			"response": []
		},
		{
			"name": "차량 리스트조회 (company)",
			"event": [
				{
					"listen": "test",
					"script": {
						"type": "text/javascript",
						"exec": [
							"tests[\"Status code is 200\"] = responseCode.code === 200;"
						]
					}
				}
			],
			"request": {
				"method": "GET",
				"header": [
					{
						"key": "X-Authorization",
						"value": "Bearer {{token}}"
					}
				],
				"body": {},
				"url": {
					"raw": "{{url}}/api/tre/v1/company/{{companyId}}/vehicles?limit=10",
					"host": [
						"{{url}}"
					],
					"path": [
						"api",
						"tre",
						"v1",
						"company",
						"{{companyId}}",
						"vehicles"
					],
					"query": [
						{
							"key": "limit",
							"value": "10",
							"equals": true
						}
					]
				},
				"description": ""
			},
			"response": []
		},
		{
			"name": "전체 차량 수 조회(서비스타입)",
			"event": [
				{
					"listen": "test",
					"script": {
						"type": "text/javascript",
						"exec": [
							"tests[\"Status code is 200\"] = responseCode.code === 200;"
						]
					}
				}
			],
			"request": {
				"method": "GET",
				"header": [
					{
						"key": "X-Authorization",
						"value": "Bearer {{token}}"
					}
				],
				"body": {},
				"url": {
					"raw": "{{url}}/api/tre/v1/vehicles/cnt?serviceType=testBiz?limit=1",
					"host": [
						"{{url}}"
					],
					"path": [
						"api",
						"tre",
						"v1",
						"vehicles",
						"cnt"
					],
					"query": [
						{
							"key": "serviceType",
							"value": "testBiz?limit=1",
							"equals": true
						}
					]
				},
				"description": ""
			},
			"response": []
		},
		{
			"name": "소유 차량 수 조회",
			"event": [
				{
					"listen": "test",
					"script": {
						"type": "text/javascript",
						"exec": [
							"tests[\"Status code is 200\"] = responseCode.code === 200;"
						]
					}
				}
			],
			"request": {
				"method": "GET",
				"header": [
					{
						"key": "X-Authorization",
						"value": "Bearer {{token}}"
					}
				],
				"body": {},
				"url": {
					"raw": "{{url}}/api/tre/v1/vehicles/owned/cnt",
					"host": [
						"{{url}}"
					],
					"path": [
						"api",
						"tre",
						"v1",
						"vehicles",
						"owned",
						"cnt"
					]
				},
				"description": ""
			},
			"response": []
		},
		{
			"name": "센서가 매핑되지 않은 차량 수 조회",
			"event": [
				{
					"listen": "test",
					"script": {
						"type": "text/javascript",
						"exec": [
							"tests[\"Status code is 200\"] = responseCode.code === 200;"
						]
					}
				}
			],
			"request": {
				"method": "GET",
				"header": [
					{
						"key": "X-Authorization",
						"value": "Bearer {{token}}"
					}
				],
				"body": {},
				"url": {
					"raw": "{{url}}/api/tre/v1/vehicles/detached/cnt",
					"host": [
						"{{url}}"
					],
					"path": [
						"api",
						"tre",
						"v1",
						"vehicles",
						"detached",
						"cnt"
					]
				},
				"description": ""
			},
			"response": []
		},
		{
			"name": "운행중인 차량 수 조회",
			"event": [
				{
					"listen": "test",
					"script": {
						"type": "text/javascript",
						"exec": [
							"tests[\"Status code is 200\"] = responseCode.code === 200;"
						]
					}
				}
			],
			"request": {
				"method": "GET",
				"header": [
					{
						"key": "X-Authorization",
						"value": "Bearer {{token}}"
					}
				],
				"body": {},
				"url": {
					"raw": "{{url}}/api/tre/v1/vehicles/driving/cnt",
					"host": [
						"{{url}}"
					],
					"path": [
						"api",
						"tre",
						"v1",
						"vehicles",
						"driving",
						"cnt"
					]
				},
				"description": ""
			},
			"response": []
		},
		{
			"name": "차량 리스트조회 (디렉터)",
			"event": [
				{
					"listen": "test",
					"script": {
						"type": "text/javascript",
						"exec": [
							"tests[\"Status code is 200\"] = responseCode.code === 200;"
						]
					}
				}
			],
			"request": {
				"method": "GET",
				"header": [
					{
						"key": "X-Authorization",
						"value": "Bearer {{token}}"
					}
				],
				"body": {},
				"url": {
					"raw": "{{url}}/api/tre/v1/director/{{directorId}}/vehicles?limit=10",
					"host": [
						"{{url}}"
					],
					"path": [
						"api",
						"tre",
						"v1",
						"director",
						"{{directorId}}",
						"vehicles"
					],
					"query": [
						{
							"key": "limit",
							"value": "10",
							"equals": true
						}
					]
				},
				"description": ""
			},
			"response": []
		},
		{
			"name": "차량 수정",
			"request": {
				"method": "PUT",
				"header": [
					{
						"key": "Content-Type",
						"value": "application/json"
					},
					{
						"key": "X-Authorization",
						"value": "Bearer {{token}}"
					}
				],
				"body": {
					"mode": "raw",
					"raw": "{\n  \"additionalInfo\": {\n    \"aaa\" : \"111\",\n    \"bbb\" : \"222\",\n    \"ccc\" : \"444\"\n  }\n}\n"
				},
				"url": {
					"raw": "{{url}}/api/tre/v1/vehicle/{{vehicleId}}",
					"host": [
						"{{url}}"
					],
					"path": [
						"api",
						"tre",
						"v1",
						"vehicle",
						"{{vehicleId}}"
					]
				},
				"description": ""
			},
			"response": []
		},
		{
			"name": "차량 활성화",
			"request": {
				"method": "PUT",
				"header": [
					{
						"key": "X-Authorization",
						"value": "Bearer {{token}}"
					},
					{
						"key": "Content-Type",
						"value": "application/json"
					}
				],
				"body": {
					"mode": "raw",
					"raw": "{\"activate\": true}"
				},
				"url": {
					"raw": "{{url}}/api/tre/v1/vehicle/{{vehicleId}}/activate",
					"host": [
						"{{url}}"
					],
					"path": [
						"api",
						"tre",
						"v1",
						"vehicle",
						"{{vehicleId}}",
						"activate"
					]
				},
				"description": ""
			},
			"response": []
		},
		{
			"name": "차량 비활성화",
			"request": {
				"method": "PUT",
				"header": [
					{
						"key": "X-Authorization",
						"value": "Bearer {{token}}"
					},
					{
						"key": "Content-Type",
						"value": "application/json"
					}
				],
				"body": {
					"mode": "raw",
					"raw": "{\"activate\": false}"
				},
				"url": {
					"raw": "{{url}}/api/tre/v1/vehicle/{{vehicleId}}/activate",
					"host": [
						"{{url}}"
					],
					"path": [
						"api",
						"tre",
						"v1",
						"vehicle",
						"{{vehicleId}}",
						"activate"
					]
				},
				"description": ""
			},
			"response": []
		},
		{
			"name": "디렉터에 차량 할당",
			"request": {
				"method": "POST",
				"header": [
					{
						"key": "Content-Type",
						"value": "application/json"
					},
					{
						"key": "X-Authorization",
						"value": "Bearer {{token}}"
					}
				],
				"body": {},
				"url": {
					"raw": "{{url}}/api/tre/v1/vehicle/{{vehicleId}}/director/{{directorId}}",
					"host": [
						"{{url}}"
					],
					"path": [
						"api",
						"tre",
						"v1",
						"vehicle",
						"{{vehicleId}}",
						"director",
						"{{directorId}}"
					]
				},
				"description": ""
			},
			"response": []
		},
		{
			"name": "디렉터에 차량 할당 해제",
			"request": {
				"method": "DELETE",
				"header": [
					{
						"key": "Content-Type",
						"value": "application/json"
					},
					{
						"key": "X-Authorization",
						"value": "Bearer {{token}}"
					}
				],
				"body": {},
				"url": {
					"raw": "{{url}}/api/tre/v1/vehicle/{{vehicleId}}/director/{{directorId}}",
					"host": [
						"{{url}}"
					],
					"path": [
						"api",
						"tre",
						"v1",
						"vehicle",
						"{{vehicleId}}",
						"director",
						"{{directorId}}"
					]
				},
				"description": ""
			},
			"response": []
		},
		{
			"name": "차량에 드라이버 할당",
			"request": {
				"method": "POST",
				"header": [
					{
						"key": "Content-Type",
						"value": "application/json"
					},
					{
						"key": "X-Authorization",
						"value": "Bearer {{token}}"
					}
				],
				"body": {},
				"url": {
					"raw": "{{url}}/api/tre/v1/vehicle/{{vehicleId}}/driver/{{driverId}}",
					"host": [
						"{{url}}"
					],
					"path": [
						"api",
						"tre",
						"v1",
						"vehicle",
						"{{vehicleId}}",
						"driver",
						"{{driverId}}"
					]
				},
				"description": ""
			},
			"response": []
		},
		{
			"name": "차량에 드라이버 할당 해제",
			"request": {
				"method": "DELETE",
				"header": [
					{
						"key": "Content-Type",
						"value": "application/json"
					},
					{
						"key": "X-Authorization",
						"value": "Bearer {{token}}"
					}
				],
				"body": {},
				"url": {
					"raw": "{{url}}/api/tre/v1/vehicle/{{vehicleId}}/driver/{{driverId}}",
					"host": [
						"{{url}}"
					],
					"path": [
						"api",
						"tre",
						"v1",
						"vehicle",
						"{{vehicleId}}",
						"driver",
						"{{driverId}}"
					]
				},
				"description": ""
			},
			"response": []
		},
		{
			"name": "차량 삭제",
			"request": {
				"method": "DELETE",
				"header": [
					{
						"key": "Content-Type",
						"value": "application/json"
					},
					{
						"key": "X-Authorization",
						"value": "Bearer {{token}}"
					}
				],
				"body": {},
				"url": {
					"raw": "http://localhost:8080/api/tre/v1/vehicle/{{vehicleId}}",
					"protocol": "http",
					"host": [
						"localhost"
					],
					"port": "8080",
					"path": [
						"api",
						"tre",
						"v1",
						"vehicle",
						"{{vehicleId}}"
					]
				},
				"description": ""
			},
			"response": []
		},
		{
			"name": "Trip 리스트 조회",
			"event": [
				{
					"listen": "test",
					"script": {
						"type": "text/javascript",
						"exec": [
							"tests[\"Status code is 200\"] = responseCode.code === 200;"
						]
					}
				}
			],
			"request": {
				"method": "GET",
				"header": [
					{
						"key": "X-Authorization",
						"value": "Bearer {{token}}"
					}
				],
				"body": {},
				"url": {
					"raw": "{{url}}/api/tre/v1/vehicle/{{vehicleId}}/trips?limit=10",
					"host": [
						"{{url}}"
					],
					"path": [
						"api",
						"tre",
						"v1",
						"vehicle",
						"{{vehicleId}}",
						"trips"
					],
					"query": [
						{
							"key": "limit",
							"value": "10",
							"equals": true
						}
					]
				},
				"description": ""
			},
			"response": []
		},
		{
			"name": "최신 trip 조회",
			"event": [
				{
					"listen": "test",
					"script": {
						"type": "text/javascript",
						"exec": [
							"tests[\"Status code is 200\"] = responseCode.code === 200;"
						]
					}
				}
			],
			"request": {
				"method": "GET",
				"header": [
					{
						"key": "X-Authorization",
						"value": "Bearer {{token}}"
					}
				],
				"body": {},
				"url": {
					"raw": "{{url}}/api/tre/v1/vehicle/{{vehicleId}}/trip/latest?deviceType=OBD",
					"host": [
						"{{url}}"
					],
					"path": [
						"api",
						"tre",
						"v1",
						"vehicle",
						"{{vehicleId}}",
						"trip",
						"latest"
					],
					"query": [
						{
							"key": "deviceType",
							"value": "OBD",
							"equals": true
						}
					]
				},
				"description": ""
			},
			"response": []
		},
		{
			"name": "get a trip of vehicle",
			"event": [
				{
					"listen": "test",
					"script": {
						"type": "text/javascript",
						"exec": [
							"tests[\"Status code is 200\"] = responseCode.code === 200;"
						]
					}
				}
			],
			"request": {
				"method": "GET",
				"header": [
					{
						"key": "X-Authorization",
						"value": "Bearer {{token}}"
					}
				],
				"body": {},
				"url": {
					"raw": "{{url}}/api/tre/v1/vehicle/{{vehicleId}}/trip/10a887f0-95e1-11e7-a46e-0f265a86e047",
					"host": [
						"{{url}}"
					],
					"path": [
						"api",
						"tre",
						"v1",
						"vehicle",
						"{{vehicleId}}",
						"trip",
						"10a887f0-95e1-11e7-a46e-0f265a86e047"
					]
				},
				"description": ""
			},
			"response": []
		},
		{
			"name": "최신 microtrip 조회",
			"event": [
				{
					"listen": "test",
					"script": {
						"type": "text/javascript",
						"exec": [
							"tests[\"Status code is 200\"] = responseCode.code === 200;"
						]
					}
				}
			],
			"request": {
				"method": "GET",
				"header": [
					{
						"key": "X-Authorization",
						"value": "Bearer {{token}}"
					}
				],
				"body": {},
				"url": {
					"raw": "{{url}}/api/tre/v1/vehicle/{{vehicleId}}/microtrip/latest?deviceType=obd",
					"host": [
						"{{url}}"
					],
					"path": [
						"api",
						"tre",
						"v1",
						"vehicle",
						"{{vehicleId}}",
						"microtrip",
						"latest"
					],
					"query": [
						{
							"key": "deviceType",
							"value": "obd",
							"equals": true
						}
					]
				},
				"description": ""
			},
			"response": []
		},
		{
			"name": "차량번호로 차량 조회",
			"request": {
				"method": "GET",
				"header": [
					{
						"key": "Content-Type",
						"value": "application/json"
					},
					{
						"key": "X-Authorization",
						"value": "Bearer {{token}}"
					}
				],
				"body": {},
				"url": {
					"raw": "{{url}}/api/tre/v1/vehicle?vehicleNo=11마1234",
					"host": [
						"{{url}}"
					],
					"path": [
						"api",
						"tre",
						"v1",
						"vehicle"
					],
					"query": [
						{
							"key": "vehicleNo",
							"value": "11마1234",
							"equals": true
						}
					]
				},
				"description": ""
			},
			"response": []
		},
		{
			"name": "위임한 회사 리스트조회",
			"request": {
				"method": "GET",
				"header": [
					{
						"key": "Content-Type",
						"value": "application/json"
					},
					{
						"key": "X-Authorization",
						"value": "Bearer {{token}}"
					}
				],
				"body": {},
				"url": {
					"raw": "{{url}}/api/tre/v1/vehicle/{{vehicleId}}/relation/companies",
					"host": [
						"{{url}}"
					],
					"path": [
						"api",
						"tre",
						"v1",
						"vehicle",
						"{{vehicleId}}",
						"relation",
						"companies"
					]
				},
				"description": ""
			},
			"response": []
		}
	]
}